"CustomerID","PurchaseDate","NumberUsers","PurchasePrice"
1,2015-02-05,2,99.9
2,2015-02-20,1,49.95
3,2015-03-03,2,99.9
4,2015-03-16,3,149.85
5,2015-03-18,4,199.8
6,2015-03-20,2,99.9
7,2015-03-22,2,99.9
8,2015-03-24,5,249.75
9,2015-03-25,5,249.75
10,2015-03-29,4,199.8
11,2015-03-31,3,149.85
12,2015-03-31,2,99.9
13,2015-04-01,3,149.85
14,2015-04-01,3,149.85
15,2015-04-02,2,99.9
16,2015-04-02,1,49.95
17,2015-04-03,1,49.95
18,2015-04-06,1,49.95
19,2015-04-07,3,149.85
20,2015-04-09,2,99.9
21,2015-04-09,6,299.7
22,2015-04-12,1,49.95
23,2015-04-14,5,249.75
24,2015-04-16,3,149.85
25,2015-04-18,1,49.95
26,2015-04-22,1,49.95
27,2015-04-22,1,49.95
28,2015-04-23,6,299.7
29,2015-04-24,1,49.95
30,2015-04-24,2,99.9
31,2015-04-26,3,149.85
32,2015-04-26,3,149.85
33,2015-04-27,3,149.85
34,2015-04-28,2,99.9
35,2015-04-29,4,199.8
36,2015-04-30,1,49.95
37,2015-05-01,6,299.7
38,2015-05-01,3,149.85
39,2015-05-01,5,249.75
40,2015-05-02,2,99.9
41,2015-05-03,3,149.85
42,2015-05-04,1,49.95
43,2015-05-04,2,99.9
44,2015-05-04,3,149.85
45,2015-05-05,3,149.85
46,2015-05-06,3,149.85
47,2015-05-06,2,99.9
48,2015-05-08,1,49.95
49,2015-05-08,4,199.8
50,2015-05-10,2,99.9
51,2015-05-10,2,99.9
52,2015-05-11,1,49.95
53,2015-05-12,1,49.95
54,2015-05-14,1,49.95
55,2015-05-15,3,149.85
56,2015-05-15,1,49.95
57,2015-05-15,1,49.95
58,2015-05-16,4,199.8
59,2015-05-16,2,99.9
60,2015-05-17,1,49.95
61,2015-05-17,3,149.85
62,2015-05-18,5,249.75
63,2015-05-18,1,49.95
64,2015-05-18,3,149.85
65,2015-05-19,3,149.85
66,2015-05-19,3,149.85
67,2015-05-20,6,299.7
68,2015-05-21,5,249.75
69,2015-05-21,4,199.8
70,2015-05-22,2,99.9
71,2015-05-22,4,199.8
72,2015-05-22,4,199.8
73,2015-05-22,3,149.85
74,2015-05-22,3,149.85
75,2015-05-23,1,49.95
76,2015-05-24,4,199.8
77,2015-05-24,2,99.9
78,2015-05-24,4,199.8
79,2015-05-25,1,49.95
80,2015-05-25,2,99.9
81,2015-05-25,1,49.95
82,2015-05-25,1,49.95
83,2015-05-25,5,249.75
84,2015-05-26,7,349.65
85,2015-05-26,1,49.95
86,2015-05-26,2,99.9
87,2015-05-26,2,99.9
88,2015-05-26,4,199.8
89,2015-05-27,2,99.9
90,2015-05-27,2,99.9
91,2015-05-27,2,99.9
92,2015-05-27,3,149.85
93,2015-05-27,1,49.95
94,2015-05-27,3,149.85
95,2015-05-28,2,99.9
96,2015-05-28,3,149.85
97,2015-05-28,1,49.95
98,2015-05-28,3,149.85
99,2015-05-29,4,199.8
100,2015-05-29,2,99.9
101,2015-05-29,2,99.9
102,2015-05-29,5,249.75
103,2015-05-30,3,149.85
104,2015-05-30,3,149.85
105,2015-05-31,2,99.9
106,2015-05-31,2,99.9
107,2015-05-31,4,199.8
108,2015-06-01,4,199.8
109,2015-06-01,3,149.85
110,2015-06-02,3,149.85
111,2015-06-02,5,249.75
112,2015-06-02,2,99.9
113,2015-06-02,3,149.85
114,2015-06-03,1,49.95
115,2015-06-03,3,149.85
116,2015-06-03,3,149.85
117,2015-06-03,6,299.7
118,2015-06-04,6,299.7
119,2015-06-04,2,99.9
120,2015-06-04,2,99.9
121,2015-06-05,7,349.65
122,2015-06-05,2,99.9
123,2015-06-05,2,99.9
124,2015-06-05,1,49.95
125,2015-06-06,5,249.75
126,2015-06-06,3,149.85
127,2015-06-06,5,249.75
128,2015-06-07,5,249.75
129,2015-06-07,2,99.9
130,2015-06-07,2,99.9
131,2015-06-08,1,49.95
132,2015-06-08,2,99.9
133,2015-06-08,5,249.75
134,2015-06-08,5,249.75
135,2015-06-08,1,49.95
136,2015-06-08,2,99.9
137,2015-06-08,3,149.85
138,2015-06-09,3,149.85
139,2015-06-09,1,49.95
140,2015-06-09,3,149.85
141,2015-06-09,4,199.8
142,2015-06-09,1,49.95
143,2015-06-09,1,49.95
144,2015-06-09,1,49.95
145,2015-06-10,2,99.9
146,2015-06-10,2,99.9
147,2015-06-10,2,99.9
148,2015-06-10,3,149.85
149,2015-06-10,2,99.9
150,2015-06-10,1,49.95
151,2015-06-10,4,199.8
152,2015-06-11,2,99.9
153,2015-06-11,1,49.95
154,2015-06-11,3,149.85
155,2015-06-11,1,49.95
156,2015-06-11,2,99.9
157,2015-06-12,4,199.8
158,2015-06-12,4,199.8
159,2015-06-13,5,249.75
160,2015-06-13,4,199.8
161,2015-06-13,2,99.9
162,2015-06-13,2,99.9
163,2015-06-13,2,99.9
164,2015-06-14,3,149.85
165,2015-06-14,3,149.85
166,2015-06-14,4,199.8
167,2015-06-14,4,199.8
168,2015-06-15,6,299.7
169,2015-06-15,4,199.8
170,2015-06-15,1,49.95
171,2015-06-15,1,49.95
172,2015-06-15,2,99.9
173,2015-06-15,1,49.95
174,2015-06-16,3,149.85
175,2015-06-16,2,99.9
176,2015-06-16,3,149.85
177,2015-06-16,6,299.7
178,2015-06-16,1,49.95
179,2015-06-16,1,49.95
180,2015-06-16,3,149.85
181,2015-06-17,1,49.95
182,2015-06-17,3,149.85
183,2015-06-17,6,299.7
184,2015-06-17,1,49.95
185,2015-06-17,2,99.9
186,2015-06-17,2,99.9
187,2015-06-17,3,149.85
188,2015-06-18,2,99.9
189,2015-06-18,4,199.8
190,2015-06-18,2,99.9
191,2015-06-18,2,99.9
192,2015-06-18,1,49.95
193,2015-06-18,3,149.85
194,2015-06-18,2,99.9
195,2015-06-18,1,49.95
196,2015-06-18,2,99.9
197,2015-06-18,3,149.85
198,2015-06-18,2,99.9
199,2015-06-18,5,249.75
200,2015-06-18,6,299.7
201,2015-06-18,4,199.8
202,2015-06-19,2,99.9
203,2015-06-19,3,149.85
204,2015-06-19,2,99.9
205,2015-06-19,2,99.9
206,2015-06-19,1,49.95
207,2015-06-19,1,49.95
208,2015-06-20,3,149.85
209,2015-06-20,3,149.85
210,2015-06-20,4,199.8
211,2015-06-20,3,149.85
212,2015-06-20,2,99.9
213,2015-06-20,1,49.95
214,2015-06-20,1,49.95
215,2015-06-20,6,299.7
216,2015-06-20,1,49.95
217,2015-06-21,5,249.75
218,2015-06-21,3,149.85
219,2015-06-21,3,149.85
220,2015-06-21,4,199.8
221,2015-06-21,3,149.85
222,2015-06-21,4,199.8
223,2015-06-21,4,199.8
224,2015-06-22,5,249.75
225,2015-06-22,1,49.95
226,2015-06-22,4,199.8
227,2015-06-22,1,49.95
228,2015-06-22,1,49.95
229,2015-06-22,2,99.9
230,2015-06-22,4,199.8
231,2015-06-22,3,149.85
232,2015-06-23,5,249.75
233,2015-06-23,3,149.85
234,2015-06-23,2,99.9
235,2015-06-23,2,99.9
236,2015-06-23,2,99.9
237,2015-06-23,5,249.75
238,2015-06-23,2,99.9
239,2015-06-24,4,199.8
240,2015-06-24,3,149.85
241,2015-06-24,3,149.85
242,2015-06-24,2,99.9
243,2015-06-24,3,149.85
244,2015-06-24,2,99.9
245,2015-06-24,4,199.8
246,2015-06-24,3,149.85
247,2015-06-24,3,149.85
248,2015-06-24,4,199.8
249,2015-06-25,8,399.6
250,2015-06-25,2,99.9
251,2015-06-25,2,99.9
252,2015-06-25,5,249.75
253,2015-06-25,7,349.65
254,2015-06-25,5,249.75
255,2015-06-25,2,99.9
256,2015-06-25,2,99.9
257,2015-06-26,3,149.85
258,2015-06-26,4,199.8
259,2015-06-26,6,299.7
260,2015-06-26,2,99.9
261,2015-06-26,2,99.9
262,2015-06-26,4,199.8
263,2015-06-26,4,199.8
264,2015-06-26,2,99.9
265,2015-06-26,5,249.75
266,2015-06-26,3,149.85
267,2015-06-26,1,49.95
268,2015-06-26,2,99.9
269,2015-06-26,2,99.9
270,2015-06-26,4,199.8
271,2015-06-26,2,99.9
272,2015-06-26,2,99.9
273,2015-06-27,2,99.9
274,2015-06-27,6,299.7
275,2015-06-27,4,199.8
276,2015-06-27,1,49.95
277,2015-06-27,3,149.85
278,2015-06-27,1,49.95
279,2015-06-27,3,149.85
280,2015-06-27,1,49.95
281,2015-06-27,4,199.8
282,2015-06-27,2,99.9
283,2015-06-28,3,149.85
284,2015-06-28,1,49.95
285,2015-06-28,3,149.85
286,2015-06-28,3,149.85
287,2015-06-28,5,249.75
288,2015-06-28,3,149.85
289,2015-06-28,2,99.9
290,2015-06-28,1,49.95
291,2015-06-28,1,49.95
292,2015-06-28,7,349.65
293,2015-06-28,5,249.75
294,2015-06-29,2,99.9
295,2015-06-29,6,299.7
296,2015-06-29,1,49.95
297,2015-06-29,4,199.8
298,2015-06-29,1,49.95
299,2015-06-29,1,49.95
300,2015-06-29,1,49.95
301,2015-06-29,2,99.9
302,2015-06-29,5,249.75
303,2015-06-29,4,199.8
304,2015-06-29,5,249.75
305,2015-06-29,3,149.85
306,2015-06-29,1,49.95
307,2015-06-30,2,99.9
308,2015-06-30,3,149.85
309,2015-06-30,1,49.95
310,2015-06-30,3,149.85
311,2015-06-30,1,49.95
312,2015-06-30,1,49.95
313,2015-06-30,3,149.85
314,2015-07-01,5,249.75
315,2015-07-01,2,99.9
316,2015-07-01,5,249.75
317,2015-07-01,4,199.8
318,2015-07-01,2,99.9
319,2015-07-01,2,99.9
320,2015-07-01,4,199.8
321,2015-07-01,3,149.85
322,2015-07-01,2,99.9
323,2015-07-01,3,149.85
324,2015-07-01,1,49.95
325,2015-07-01,3,149.85
326,2015-07-02,4,199.8
327,2015-07-02,3,149.85
328,2015-07-02,1,49.95
329,2015-07-02,4,199.8
330,2015-07-02,3,149.85
331,2015-07-02,3,149.85
332,2015-07-02,1,49.95
333,2015-07-02,3,149.85
334,2015-07-02,3,149.85
335,2015-07-02,1,49.95
336,2015-07-02,1,49.95
337,2015-07-02,1,49.95
338,2015-07-02,4,199.8
339,2015-07-03,6,299.7
340,2015-07-03,4,199.8
341,2015-07-03,3,149.85
342,2015-07-03,5,249.75
343,2015-07-03,1,49.95
344,2015-07-03,3,149.85
345,2015-07-03,3,149.85
346,2015-07-03,5,249.75
347,2015-07-03,5,249.75
348,2015-07-04,3,149.85
349,2015-07-04,3,149.85
350,2015-07-04,4,199.8
351,2015-07-04,5,249.75
352,2015-07-04,2,99.9
353,2015-07-04,2,99.9
354,2015-07-04,1,49.95
355,2015-07-04,3,149.85
356,2015-07-04,3,149.85
357,2015-07-04,2,99.9
358,2015-07-04,6,299.7
359,2015-07-04,4,199.8
360,2015-07-04,4,199.8
361,2015-07-04,3,149.85
362,2015-07-05,5,249.75
363,2015-07-05,2,99.9
364,2015-07-05,2,99.9
365,2015-07-05,3,149.85
366,2015-07-05,2,99.9
367,2015-07-05,1,49.95
368,2015-07-05,2,99.9
369,2015-07-05,3,149.85
370,2015-07-05,7,349.65
371,2015-07-05,2,99.9
372,2015-07-05,5,249.75
373,2015-07-05,3,149.85
374,2015-07-05,4,199.8
375,2015-07-05,1,49.95
376,2015-07-05,3,149.85
377,2015-07-06,2,99.9
378,2015-07-06,8,399.6
379,2015-07-06,4,199.8
380,2015-07-06,2,99.9
381,2015-07-06,2,99.9
382,2015-07-06,1,49.95
383,2015-07-06,1,49.95
384,2015-07-06,3,149.85
385,2015-07-06,3,149.85
386,2015-07-06,1,49.95
387,2015-07-06,3,149.85
388,2015-07-06,2,99.9
389,2015-07-06,2,99.9
390,2015-07-06,1,49.95
391,2015-07-06,2,99.9
392,2015-07-06,3,149.85
393,2015-07-06,3,149.85
394,2015-07-06,2,99.9
395,2015-07-07,2,99.9
396,2015-07-07,3,149.85
397,2015-07-07,4,199.8
398,2015-07-07,3,149.85
399,2015-07-07,1,49.95
400,2015-07-07,1,49.95
401,2015-07-07,2,99.9
402,2015-07-07,3,149.85
403,2015-07-07,3,149.85
404,2015-07-07,3,149.85
405,2015-07-07,4,199.8
406,2015-07-08,3,149.85
407,2015-07-08,5,249.75
408,2015-07-08,4,199.8
409,2015-07-08,2,99.9
410,2015-07-08,1,49.95
411,2015-07-08,2,99.9
412,2015-07-08,4,199.8
413,2015-07-08,2,99.9
414,2015-07-08,2,99.9
415,2015-07-08,1,49.95
416,2015-07-08,2,99.9
417,2015-07-08,4,199.8
418,2015-07-09,2,99.9
419,2015-07-09,3,149.85
420,2015-07-09,3,149.85
421,2015-07-09,1,49.95
422,2015-07-09,1,49.95
423,2015-07-09,1,49.95
424,2015-07-09,3,149.85
425,2015-07-09,1,49.95
426,2015-07-09,3,149.85
427,2015-07-09,3,149.85
428,2015-07-09,5,249.75
429,2015-07-09,3,149.85
430,2015-07-10,4,199.8
431,2015-07-10,4,199.8
432,2015-07-10,5,249.75
433,2015-07-10,1,49.95
434,2015-07-10,3,149.85
435,2015-07-10,3,149.85
436,2015-07-10,2,99.9
437,2015-07-10,3,149.85
438,2015-07-10,1,49.95
439,2015-07-10,2,99.9
440,2015-07-10,1,49.95
441,2015-07-10,1,49.95
442,2015-07-10,3,149.85
443,2015-07-11,3,149.85
444,2015-07-11,3,149.85
445,2015-07-11,3,149.85
446,2015-07-11,2,99.9
447,2015-07-11,2,99.9
448,2015-07-11,1,49.95
449,2015-07-11,4,199.8
450,2015-07-11,4,199.8
451,2015-07-11,2,99.9
452,2015-07-11,4,199.8
453,2015-07-11,4,199.8
454,2015-07-11,1,49.95
455,2015-07-11,2,99.9
456,2015-07-11,1,49.95
457,2015-07-11,1,49.95
458,2015-07-11,2,99.9
459,2015-07-11,4,199.8
460,2015-07-11,4,199.8
461,2015-07-12,1,49.95
462,2015-07-12,2,99.9
463,2015-07-12,3,149.85
464,2015-07-12,2,99.9
465,2015-07-12,2,99.9
466,2015-07-12,1,49.95
467,2015-07-12,3,149.85
468,2015-07-12,2,99.9
469,2015-07-12,3,149.85
470,2015-07-12,3,149.85
471,2015-07-12,4,199.8
472,2015-07-12,1,49.95
473,2015-07-12,1,49.95
474,2015-07-12,5,249.75
475,2015-07-12,1,49.95
476,2015-07-12,1,49.95
477,2015-07-12,1,49.95
478,2015-07-12,4,199.8
479,2015-07-13,4,199.8
480,2015-07-13,2,99.9
481,2015-07-13,2,99.9
482,2015-07-13,2,99.9
483,2015-07-13,1,49.95
484,2015-07-13,2,99.9
485,2015-07-13,2,99.9
486,2015-07-13,4,199.8
487,2015-07-13,2,99.9
488,2015-07-13,3,149.85
489,2015-07-13,4,199.8
490,2015-07-13,2,99.9
491,2015-07-13,1,49.95
492,2015-07-14,3,149.85
493,2015-07-14,2,99.9
494,2015-07-14,2,99.9
495,2015-07-14,5,249.75
496,2015-07-14,5,249.75
497,2015-07-14,3,149.85
498,2015-07-14,2,99.9
499,2015-07-14,4,199.8
500,2015-07-14,2,99.9
501,2015-07-14,2,99.9
502,2015-07-14,5,249.75
503,2015-07-14,1,49.95
504,2015-07-14,3,149.85
505,2015-07-15,8,399.6
506,2015-07-15,3,149.85
507,2015-07-15,4,199.8
508,2015-07-15,1,49.95
509,2015-07-15,3,149.85
510,2015-07-15,1,49.95
511,2015-07-15,3,149.85
512,2015-07-15,3,149.85
513,2015-07-15,3,149.85
514,2015-07-15,3,149.85
515,2015-07-15,4,199.8
516,2015-07-15,2,99.9
517,2015-07-15,3,149.85
518,2015-07-16,3,149.85
519,2015-07-16,1,49.95
520,2015-07-16,2,99.9
521,2015-07-16,1,49.95
522,2015-07-16,2,99.9
523,2015-07-16,4,199.8
524,2015-07-16,3,149.85
525,2015-07-16,2,99.9
526,2015-07-16,2,99.9
527,2015-07-16,3,149.85
528,2015-07-16,5,249.75
529,2015-07-17,2,99.9
530,2015-07-17,2,99.9
531,2015-07-17,5,249.75
532,2015-07-17,1,49.95
533,2015-07-17,1,49.95
534,2015-07-17,3,149.85
535,2015-07-17,2,99.9
536,2015-07-17,2,99.9
537,2015-07-17,2,99.9
538,2015-07-17,5,249.75
539,2015-07-17,2,99.9
540,2015-07-17,6,299.7
541,2015-07-17,4,199.8
542,2015-07-17,3,149.85
543,2015-07-17,4,199.8
544,2015-07-17,1,49.95
545,2015-07-17,4,199.8
546,2015-07-17,3,149.85
547,2015-07-17,3,149.85
548,2015-07-17,2,99.9
549,2015-07-18,6,299.7
550,2015-07-18,6,299.7
551,2015-07-18,4,199.8
552,2015-07-18,1,49.95
553,2015-07-18,8,399.6
554,2015-07-18,2,99.9
555,2015-07-18,3,149.85
556,2015-07-18,3,149.85
557,2015-07-18,3,149.85
558,2015-07-18,2,99.9
559,2015-07-18,4,199.8
560,2015-07-18,2,99.9
561,2015-07-18,2,99.9
562,2015-07-18,2,99.9
563,2015-07-18,3,149.85
564,2015-07-18,2,99.9
565,2015-07-18,1,49.95
566,2015-07-19,2,99.9
567,2015-07-19,3,149.85
568,2015-07-19,2,99.9
569,2015-07-19,3,149.85
570,2015-07-19,1,49.95
571,2015-07-19,1,49.95
572,2015-07-19,3,149.85
573,2015-07-19,7,349.65
574,2015-07-19,1,49.95
575,2015-07-19,3,149.85
576,2015-07-19,3,149.85
577,2015-07-19,3,149.85
578,2015-07-19,1,49.95
579,2015-07-19,3,149.85
580,2015-07-19,2,99.9
581,2015-07-19,3,149.85
582,2015-07-19,4,199.8
583,2015-07-19,5,249.75
584,2015-07-19,1,49.95
585,2015-07-19,3,149.85
586,2015-07-19,2,99.9
587,2015-07-19,1,49.95
588,2015-07-19,3,149.85
589,2015-07-19,2,99.9
590,2015-07-20,2,99.9
591,2015-07-20,1,49.95
592,2015-07-20,1,49.95
593,2015-07-20,3,149.85
594,2015-07-20,2,99.9
595,2015-07-20,2,99.9
596,2015-07-20,3,149.85
597,2015-07-20,4,199.8
598,2015-07-20,4,199.8
599,2015-07-20,2,99.9
600,2015-07-20,2,99.9
601,2015-07-20,2,99.9
602,2015-07-20,1,49.95
603,2015-07-20,4,199.8
604,2015-07-20,3,149.85
605,2015-07-20,4,199.8
606,2015-07-20,2,99.9
607,2015-07-20,2,99.9
608,2015-07-20,1,49.95
609,2015-07-20,3,149.85
610,2015-07-21,3,149.85
611,2015-07-21,4,199.8
612,2015-07-21,1,49.95
613,2015-07-21,1,49.95
614,2015-07-21,1,49.95
615,2015-07-21,1,49.95
616,2015-07-21,2,99.9
617,2015-07-21,5,249.75
618,2015-07-21,5,249.75
619,2015-07-21,3,149.85
620,2015-07-21,3,149.85
621,2015-07-21,5,249.75
622,2015-07-21,3,149.85
623,2015-07-21,4,199.8
624,2015-07-21,3,149.85
625,2015-07-21,3,149.85
626,2015-07-21,4,199.8
627,2015-07-21,2,99.9
628,2015-07-21,3,149.85
629,2015-07-21,2,99.9
630,2015-07-21,3,149.85
631,2015-07-21,2,99.9
632,2015-07-21,4,199.8
633,2015-07-22,4,199.8
634,2015-07-22,4,199.8
635,2015-07-22,1,49.95
636,2015-07-22,4,199.8
637,2015-07-22,3,149.85
638,2015-07-22,4,199.8
639,2015-07-22,3,149.85
640,2015-07-22,2,99.9
641,2015-07-22,1,49.95
642,2015-07-22,3,149.85
643,2015-07-22,2,99.9
644,2015-07-22,1,49.95
645,2015-07-22,3,149.85
646,2015-07-22,5,249.75
647,2015-07-22,5,249.75
648,2015-07-22,1,49.95
649,2015-07-22,2,99.9
650,2015-07-22,2,99.9
651,2015-07-22,1,49.95
652,2015-07-22,3,149.85
653,2015-07-22,3,149.85
654,2015-07-22,1,49.95
655,2015-07-22,1,49.95
656,2015-07-22,1,49.95
657,2015-07-22,2,99.9
658,2015-07-22,2,99.9
659,2015-07-22,2,99.9
660,2015-07-22,3,149.85
661,2015-07-22,2,99.9
662,2015-07-23,2,99.9
663,2015-07-23,1,49.95
664,2015-07-23,3,149.85
665,2015-07-23,4,199.8
666,2015-07-23,3,149.85
667,2015-07-23,1,49.95
668,2015-07-23,2,99.9
669,2015-07-23,6,299.7
670,2015-07-23,2,99.9
671,2015-07-23,3,149.85
672,2015-07-23,2,99.9
673,2015-07-23,4,199.8
674,2015-07-23,2,99.9
675,2015-07-23,2,99.9
676,2015-07-23,1,49.95
677,2015-07-23,1,49.95
678,2015-07-23,2,99.9
679,2015-07-23,2,99.9
680,2015-07-23,1,49.95
681,2015-07-23,2,99.9
682,2015-07-23,2,99.9
683,2015-07-23,2,99.9
684,2015-07-23,1,49.95
685,2015-07-23,2,99.9
686,2015-07-24,5,249.75
687,2015-07-24,4,199.8
688,2015-07-24,8,399.6
689,2015-07-24,4,199.8
690,2015-07-24,2,99.9
691,2015-07-24,1,49.95
692,2015-07-24,1,49.95
693,2015-07-24,3,149.85
694,2015-07-24,1,49.95
695,2015-07-24,2,99.9
696,2015-07-24,5,249.75
697,2015-07-24,1,49.95
698,2015-07-24,5,249.75
699,2015-07-24,5,249.75
700,2015-07-24,1,49.95
701,2015-07-24,3,149.85
702,2015-07-24,1,49.95
703,2015-07-24,5,249.75
704,2015-07-24,1,49.95
705,2015-07-24,3,149.85
706,2015-07-24,4,199.8
707,2015-07-24,5,249.75
708,2015-07-24,2,99.9
709,2015-07-24,1,49.95
710,2015-07-24,2,99.9
711,2015-07-24,3,149.85
712,2015-07-25,4,199.8
713,2015-07-25,3,149.85
714,2015-07-25,7,349.65
715,2015-07-25,4,199.8
716,2015-07-25,4,199.8
717,2015-07-25,1,49.95
718,2015-07-25,2,99.9
719,2015-07-25,5,249.75
720,2015-07-25,5,249.75
721,2015-07-25,2,99.9
722,2015-07-25,4,199.8
723,2015-07-25,1,49.95
724,2015-07-25,3,149.85
725,2015-07-25,3,149.85
726,2015-07-25,3,149.85
727,2015-07-25,3,149.85
728,2015-07-25,1,49.95
729,2015-07-25,5,249.75
730,2015-07-25,5,249.75
731,2015-07-25,2,99.9
732,2015-07-25,2,99.9
733,2015-07-25,3,149.85
734,2015-07-25,1,49.95
735,2015-07-26,7,349.65
736,2015-07-26,5,249.75
737,2015-07-26,4,199.8
738,2015-07-26,2,99.9
739,2015-07-26,3,149.85
740,2015-07-26,1,49.95
741,2015-07-26,5,249.75
742,2015-07-26,2,99.9
743,2015-07-26,1,49.95
744,2015-07-26,2,99.9
745,2015-07-26,2,99.9
746,2015-07-26,2,99.9
747,2015-07-26,2,99.9
748,2015-07-26,5,249.75
749,2015-07-26,5,249.75
750,2015-07-26,1,49.95
751,2015-07-26,2,99.9
752,2015-07-26,4,199.8
753,2015-07-27,2,99.9
754,2015-07-27,3,149.85
755,2015-07-27,4,199.8
756,2015-07-27,2,99.9
757,2015-07-27,1,49.95
758,2015-07-27,2,99.9
759,2015-07-27,4,199.8
760,2015-07-27,6,299.7
761,2015-07-27,4,199.8
762,2015-07-27,3,149.85
763,2015-07-27,5,249.75
764,2015-07-27,3,149.85
765,2015-07-27,1,49.95
766,2015-07-27,2,99.9
767,2015-07-27,1,49.95
768,2015-07-27,2,99.9
769,2015-07-27,1,49.95
770,2015-07-27,5,249.75
771,2015-07-28,5,249.75
772,2015-07-28,2,99.9
773,2015-07-28,1,49.95
774,2015-07-28,4,199.8
775,2015-07-28,1,49.95
776,2015-07-28,3,149.85
777,2015-07-28,1,49.95
778,2015-07-28,1,49.95
779,2015-07-28,3,149.85
780,2015-07-28,3,149.85
781,2015-07-28,1,49.95
782,2015-07-28,4,199.8
783,2015-07-28,4,199.8
784,2015-07-28,2,99.9
785,2015-07-28,2,99.9
786,2015-07-28,1,49.95
787,2015-07-28,4,199.8
788,2015-07-28,2,99.9
789,2015-07-28,2,99.9
790,2015-07-28,1,49.95
791,2015-07-28,1,49.95
792,2015-07-28,3,149.85
793,2015-07-28,5,249.75
794,2015-07-28,4,199.8
795,2015-07-28,4,199.8
796,2015-07-28,1,49.95
797,2015-07-29,1,49.95
798,2015-07-29,3,149.85
799,2015-07-29,4,199.8
800,2015-07-29,1,49.95
801,2015-07-29,1,49.95
802,2015-07-29,4,199.8
803,2015-07-29,3,149.85
804,2015-07-29,1,49.95
805,2015-07-29,4,199.8
806,2015-07-29,2,99.9
807,2015-07-29,2,99.9
808,2015-07-29,2,99.9
809,2015-07-29,1,49.95
810,2015-07-29,3,149.85
811,2015-07-29,5,249.75
812,2015-07-29,2,99.9
813,2015-07-29,3,149.85
814,2015-07-29,1,49.95
815,2015-07-29,2,99.9
816,2015-07-29,4,199.8
817,2015-07-29,1,49.95
818,2015-07-29,3,149.85
819,2015-07-29,2,99.9
820,2015-07-29,4,199.8
821,2015-07-29,4,199.8
822,2015-07-29,1,49.95
823,2015-07-29,2,99.9
824,2015-07-29,2,99.9
825,2015-07-29,5,249.75
826,2015-07-29,2,99.9
827,2015-07-29,3,149.85
828,2015-07-29,2,99.9
829,2015-07-29,1,49.95
830,2015-07-30,2,99.9
831,2015-07-30,1,49.95
832,2015-07-30,3,149.85
833,2015-07-30,2,99.9
834,2015-07-30,2,99.9
835,2015-07-30,2,99.9
836,2015-07-30,1,49.95
837,2015-07-30,2,99.9
838,2015-07-30,4,199.8
839,2015-07-30,1,49.95
840,2015-07-30,1,49.95
841,2015-07-30,2,99.9
842,2015-07-30,2,99.9
843,2015-07-30,1,49.95
844,2015-07-30,1,49.95
845,2015-07-30,3,149.85
846,2015-07-30,3,149.85
847,2015-07-30,3,149.85
848,2015-07-30,4,199.8
849,2015-07-30,1,49.95
850,2015-07-30,4,199.8
851,2015-07-30,6,299.7
852,2015-07-30,4,199.8
853,2015-07-30,1,49.95
854,2015-07-30,1,49.95
855,2015-07-30,3,149.85
856,2015-07-30,2,99.9
857,2015-07-30,2,99.9
858,2015-07-30,1,49.95
859,2015-07-30,2,99.9
860,2015-07-30,3,149.85
861,2015-07-30,2,99.9
862,2015-07-30,3,149.85
863,2015-07-30,6,299.7
864,2015-07-30,4,199.8
865,2015-07-30,3,149.85
866,2015-07-30,1,49.95
867,2015-07-30,4,199.8
868,2015-07-31,3,149.85
869,2015-07-31,5,249.75
870,2015-07-31,1,49.95
871,2015-07-31,5,249.75
872,2015-07-31,1,49.95
873,2015-07-31,4,199.8
874,2015-07-31,3,149.85
875,2015-07-31,4,199.8
876,2015-07-31,5,249.75
877,2015-07-31,2,99.9
878,2015-07-31,1,49.95
879,2015-07-31,2,99.9
880,2015-07-31,1,49.95
881,2015-07-31,4,199.8
882,2015-07-31,2,99.9
883,2015-07-31,1,49.95
884,2015-07-31,5,249.75
885,2015-07-31,1,49.95
886,2015-07-31,5,249.75
887,2015-07-31,3,149.85
888,2015-07-31,1,49.95
889,2015-07-31,2,99.9
890,2015-07-31,6,299.7
891,2015-07-31,5,249.75
892,2015-07-31,4,199.8
893,2015-07-31,1,49.95
894,2015-07-31,1,49.95
895,2015-07-31,1,49.95
896,2015-07-31,7,349.65
897,2015-07-31,3,149.85
898,2015-07-31,1,49.95
899,2015-07-31,5,249.75
900,2015-07-31,1,49.95
901,2015-07-31,1,49.95
902,2015-08-01,2,99.9
903,2015-08-01,4,199.8
904,2015-08-01,3,149.85
905,2015-08-01,1,49.95
906,2015-08-01,2,99.9
907,2015-08-01,2,99.9
908,2015-08-01,6,299.7
909,2015-08-01,5,249.75
910,2015-08-01,3,149.85
911,2015-08-01,8,399.6
912,2015-08-01,1,49.95
913,2015-08-01,2,99.9
914,2015-08-01,1,49.95
915,2015-08-01,3,149.85
916,2015-08-01,5,249.75
917,2015-08-01,1,49.95
918,2015-08-01,4,199.8
919,2015-08-01,1,49.95
920,2015-08-01,1,49.95
921,2015-08-01,1,49.95
922,2015-08-01,8,399.6
923,2015-08-01,5,249.75
924,2015-08-01,4,199.8
925,2015-08-01,3,149.85
926,2015-08-01,3,149.85
927,2015-08-01,2,99.9
928,2015-08-01,2,99.9
929,2015-08-01,1,49.95
930,2015-08-01,2,99.9
931,2015-08-02,2,99.9
932,2015-08-02,1,49.95
933,2015-08-02,1,49.95
934,2015-08-02,5,249.75
935,2015-08-02,1,49.95
936,2015-08-02,1,49.95
937,2015-08-02,3,149.85
938,2015-08-02,4,199.8
939,2015-08-02,1,49.95
940,2015-08-02,3,149.85
941,2015-08-02,2,99.9
942,2015-08-02,2,99.9
943,2015-08-02,2,99.9
944,2015-08-02,5,249.75
945,2015-08-02,4,199.8
946,2015-08-02,2,99.9
947,2015-08-02,2,99.9
948,2015-08-02,3,149.85
949,2015-08-02,1,49.95
950,2015-08-02,4,199.8
951,2015-08-02,1,49.95
952,2015-08-02,4,199.8
953,2015-08-02,2,99.9
954,2015-08-02,2,99.9
955,2015-08-02,1,49.95
956,2015-08-02,2,99.9
957,2015-08-02,1,49.95
958,2015-08-03,5,249.75
959,2015-08-03,4,199.8
960,2015-08-03,3,149.85
961,2015-08-03,1,49.95
962,2015-08-03,3,149.85
963,2015-08-03,3,149.85
964,2015-08-03,2,99.9
965,2015-08-03,2,99.9
966,2015-08-03,5,249.75
967,2015-08-03,3,149.85
968,2015-08-03,2,99.9
969,2015-08-03,2,99.9
970,2015-08-03,3,149.85
971,2015-08-03,2,99.9
972,2015-08-03,2,99.9
973,2015-08-03,3,149.85
974,2015-08-03,1,49.95
975,2015-08-03,1,49.95
976,2015-08-03,1,49.95
977,2015-08-03,4,199.8
978,2015-08-03,2,99.9
979,2015-08-03,5,249.75
980,2015-08-03,3,149.85
981,2015-08-03,2,99.9
982,2015-08-03,2,99.9
983,2015-08-03,5,249.75
984,2015-08-03,2,99.9
985,2015-08-03,1,49.95
986,2015-08-03,3,149.85
987,2015-08-03,4,199.8
988,2015-08-03,3,149.85
989,2015-08-03,2,99.9
990,2015-08-03,2,99.9
991,2015-08-03,1,49.95
992,2015-08-03,5,249.75
993,2015-08-04,2,99.9
994,2015-08-04,2,99.9
995,2015-08-04,4,199.8
996,2015-08-04,2,99.9
997,2015-08-04,1,49.95
998,2015-08-04,1,49.95
999,2015-08-04,4,199.8
1000,2015-08-04,6,299.7
1001,2015-08-04,1,49.95
1002,2015-08-04,1,49.95
1003,2015-08-04,5,249.75
1004,2015-08-04,1,49.95
1005,2015-08-04,4,199.8
1006,2015-08-04,3,149.85
1007,2015-08-04,2,99.9
1008,2015-08-04,3,149.85
1009,2015-08-04,1,49.95
1010,2015-08-04,4,199.8
1011,2015-08-04,2,99.9
1012,2015-08-04,2,99.9
1013,2015-08-04,2,99.9
1014,2015-08-04,1,49.95
1015,2015-08-04,2,99.9
1016,2015-08-04,4,199.8
1017,2015-08-04,3,149.85
1018,2015-08-04,4,199.8
1019,2015-08-04,3,149.85
1020,2015-08-04,2,99.9
1021,2015-08-04,2,99.9
1022,2015-08-04,1,49.95
1023,2015-08-04,4,199.8
1024,2015-08-04,2,99.9
1025,2015-08-04,2,99.9
1026,2015-08-04,2,99.9
1027,2015-08-04,2,99.9
1028,2015-08-04,2,99.9
1029,2015-08-04,4,199.8
1030,2015-08-04,2,99.9
1031,2015-08-04,1,49.95
1032,2015-08-04,3,149.85
1033,2015-08-04,2,99.9
1034,2015-08-04,2,99.9
1035,2015-08-05,2,99.9
1036,2015-08-05,4,199.8
1037,2015-08-05,1,49.95
1038,2015-08-05,3,149.85
1039,2015-08-05,1,49.95
1040,2015-08-05,4,199.8
1041,2015-08-05,2,99.9
1042,2015-08-05,3,149.85
1043,2015-08-05,4,199.8
1044,2015-08-05,2,99.9
1045,2015-08-05,2,99.9
1046,2015-08-05,4,199.8
1047,2015-08-05,3,149.85
1048,2015-08-05,7,349.65
1049,2015-08-05,4,199.8
1050,2015-08-05,2,99.9
1051,2015-08-05,1,49.95
1052,2015-08-05,4,199.8
1053,2015-08-05,1,49.95
1054,2015-08-05,3,149.85
1055,2015-08-05,1,49.95
1056,2015-08-05,2,99.9
1057,2015-08-05,3,149.85
1058,2015-08-05,2,99.9
1059,2015-08-05,3,149.85
1060,2015-08-05,2,99.9
1061,2015-08-05,2,99.9
1062,2015-08-05,3,149.85
1063,2015-08-05,6,299.7
1064,2015-08-05,1,49.95
1065,2015-08-05,3,149.85
1066,2015-08-05,5,249.75
1067,2015-08-05,1,49.95
1068,2015-08-06,2,99.9
1069,2015-08-06,2,99.9
1070,2015-08-06,3,149.85
1071,2015-08-06,5,249.75
1072,2015-08-06,2,99.9
1073,2015-08-06,5,249.75
1074,2015-08-06,8,399.6
1075,2015-08-06,3,149.85
1076,2015-08-06,2,99.9
1077,2015-08-06,2,99.9
1078,2015-08-06,1,49.95
1079,2015-08-06,3,149.85
1080,2015-08-06,2,99.9
1081,2015-08-06,6,299.7
1082,2015-08-06,1,49.95
1083,2015-08-06,2,99.9
1084,2015-08-06,2,99.9
1085,2015-08-06,2,99.9
1086,2015-08-06,1,49.95
1087,2015-08-06,6,299.7
1088,2015-08-06,4,199.8
1089,2015-08-06,2,99.9
1090,2015-08-06,5,249.75
1091,2015-08-06,2,99.9
1092,2015-08-07,1,49.95
1093,2015-08-07,1,49.95
1094,2015-08-07,4,199.8
1095,2015-08-07,4,199.8
1096,2015-08-07,2,99.9
1097,2015-08-07,4,199.8
1098,2015-08-07,2,99.9
1099,2015-08-07,2,99.9
1100,2015-08-07,3,149.85
1101,2015-08-07,4,199.8
1102,2015-08-07,4,199.8
1103,2015-08-07,5,249.75
1104,2015-08-07,3,149.85
1105,2015-08-07,6,299.7
1106,2015-08-07,2,99.9
1107,2015-08-07,4,199.8
1108,2015-08-07,5,249.75
1109,2015-08-07,1,49.95
1110,2015-08-07,2,99.9
1111,2015-08-07,4,199.8
1112,2015-08-07,6,299.7
1113,2015-08-07,3,149.85
1114,2015-08-07,2,99.9
1115,2015-08-07,5,249.75
1116,2015-08-07,2,99.9
1117,2015-08-07,3,149.85
1118,2015-08-07,1,49.95
1119,2015-08-07,1,49.95
1120,2015-08-07,2,99.9
1121,2015-08-07,2,99.9
1122,2015-08-07,3,149.85
1123,2015-08-07,2,99.9
1124,2015-08-07,1,49.95
1125,2015-08-07,1,49.95
1126,2015-08-07,2,99.9
1127,2015-08-07,2,99.9
1128,2015-08-07,2,99.9
1129,2015-08-08,3,149.85
1130,2015-08-08,4,199.8
1131,2015-08-08,4,199.8
1132,2015-08-08,1,49.95
1133,2015-08-08,1,49.95
1134,2015-08-08,3,149.85
1135,2015-08-08,2,99.9
1136,2015-08-08,3,149.85
1137,2015-08-08,4,199.8
1138,2015-08-08,2,99.9
1139,2015-08-08,3,149.85
1140,2015-08-08,2,99.9
1141,2015-08-08,1,49.95
1142,2015-08-08,2,99.9
1143,2015-08-08,3,149.85
1144,2015-08-08,3,149.85
1145,2015-08-08,2,99.9
1146,2015-08-08,2,99.9
1147,2015-08-08,3,149.85
1148,2015-08-08,3,149.85
1149,2015-08-08,4,199.8
1150,2015-08-08,4,199.8
1151,2015-08-08,3,149.85
1152,2015-08-08,4,199.8
1153,2015-08-08,3,149.85
1154,2015-08-08,3,149.85
1155,2015-08-08,3,149.85
1156,2015-08-08,2,99.9
1157,2015-08-08,2,99.9
1158,2015-08-08,2,99.9
1159,2015-08-08,1,49.95
1160,2015-08-09,2,99.9
1161,2015-08-09,2,99.9
1162,2015-08-09,4,199.8
1163,2015-08-09,1,49.95
1164,2015-08-09,2,99.9
1165,2015-08-09,4,199.8
1166,2015-08-09,3,149.85
1167,2015-08-09,2,99.9
1168,2015-08-09,5,249.75
1169,2015-08-09,1,49.95
1170,2015-08-09,5,249.75
1171,2015-08-09,3,149.85
1172,2015-08-09,1,49.95
1173,2015-08-09,4,199.8
1174,2015-08-09,3,149.85
1175,2015-08-09,5,249.75
1176,2015-08-09,4,199.8
1177,2015-08-09,5,249.75
1178,2015-08-09,3,149.85
1179,2015-08-09,1,49.95
1180,2015-08-09,2,99.9
1181,2015-08-09,4,199.8
1182,2015-08-09,2,99.9
1183,2015-08-09,2,99.9
1184,2015-08-09,5,249.75
1185,2015-08-09,3,149.85
1186,2015-08-09,1,49.95
1187,2015-08-09,2,99.9
1188,2015-08-09,1,49.95
1189,2015-08-09,4,199.8
1190,2015-08-09,2,99.9
1191,2015-08-09,2,99.9
1192,2015-08-10,3,149.85
1193,2015-08-10,2,99.9
1194,2015-08-10,2,99.9
1195,2015-08-10,1,49.95
1196,2015-08-10,4,199.8
1197,2015-08-10,2,99.9
1198,2015-08-10,2,99.9
1199,2015-08-10,1,49.95
1200,2015-08-10,3,149.85
1201,2015-08-10,2,99.9
1202,2015-08-10,6,299.7
1203,2015-08-10,3,149.85
1204,2015-08-10,1,49.95
1205,2015-08-10,3,149.85
1206,2015-08-10,6,299.7
1207,2015-08-10,2,99.9
1208,2015-08-10,4,199.8
1209,2015-08-10,1,49.95
1210,2015-08-10,4,199.8
1211,2015-08-10,4,199.8
1212,2015-08-10,6,299.7
1213,2015-08-10,1,49.95
1214,2015-08-10,3,149.85
1215,2015-08-10,3,149.85
1216,2015-08-10,5,249.75
1217,2015-08-10,2,99.9
1218,2015-08-10,1,49.95
1219,2015-08-10,1,49.95
1220,2015-08-10,5,249.75
1221,2015-08-10,2,99.9
1222,2015-08-10,1,49.95
1223,2015-08-10,4,199.8
1224,2015-08-10,2,99.9
1225,2015-08-10,1,49.95
1226,2015-08-10,3,149.85
1227,2015-08-10,1,49.95
1228,2015-08-10,2,99.9
1229,2015-08-10,3,149.85
1230,2015-08-10,6,299.7
1231,2015-08-11,6,299.7
1232,2015-08-11,2,99.9
1233,2015-08-11,2,99.9
1234,2015-08-11,1,49.95
1235,2015-08-11,1,49.95
1236,2015-08-11,6,299.7
1237,2015-08-11,3,149.85
1238,2015-08-11,4,199.8
1239,2015-08-11,1,49.95
1240,2015-08-11,2,99.9
1241,2015-08-11,4,199.8
1242,2015-08-11,1,49.95
1243,2015-08-11,2,99.9
1244,2015-08-11,3,149.85
1245,2015-08-11,3,149.85
1246,2015-08-11,5,249.75
1247,2015-08-11,1,49.95
1248,2015-08-11,2,99.9
1249,2015-08-11,2,99.9
1250,2015-08-11,1,49.95
1251,2015-08-11,4,199.8
1252,2015-08-11,4,199.8
1253,2015-08-11,3,149.85
1254,2015-08-11,4,199.8
1255,2015-08-11,2,99.9
1256,2015-08-11,3,149.85
1257,2015-08-11,2,99.9
1258,2015-08-11,1,49.95
1259,2015-08-11,2,99.9
1260,2015-08-11,3,149.85
1261,2015-08-11,1,49.95
1262,2015-08-12,2,99.9
1263,2015-08-12,3,149.85
1264,2015-08-12,2,99.9
1265,2015-08-12,4,199.8
1266,2015-08-12,1,49.95
1267,2015-08-12,2,99.9
1268,2015-08-12,3,149.85
1269,2015-08-12,3,149.85
1270,2015-08-12,2,99.9
1271,2015-08-12,2,99.9
1272,2015-08-12,3,149.85
1273,2015-08-12,1,49.95
1274,2015-08-12,3,149.85
1275,2015-08-12,3,149.85
1276,2015-08-12,4,199.8
1277,2015-08-12,2,99.9
1278,2015-08-12,2,99.9
1279,2015-08-12,1,49.95
1280,2015-08-12,5,249.75
1281,2015-08-12,3,149.85
1282,2015-08-12,1,49.95
1283,2015-08-12,1,49.95
1284,2015-08-12,2,99.9
1285,2015-08-12,4,199.8
1286,2015-08-12,2,99.9
1287,2015-08-12,1,49.95
1288,2015-08-12,5,249.75
1289,2015-08-12,3,149.85
1290,2015-08-12,4,199.8
1291,2015-08-12,3,149.85
1292,2015-08-12,4,199.8
1293,2015-08-12,4,199.8
1294,2015-08-13,3,149.85
1295,2015-08-13,5,249.75
1296,2015-08-13,5,249.75
1297,2015-08-13,4,199.8
1298,2015-08-13,2,99.9
1299,2015-08-13,1,49.95
1300,2015-08-13,2,99.9
1301,2015-08-13,1,49.95
1302,2015-08-13,3,149.85
1303,2015-08-13,1,49.95
1304,2015-08-13,3,149.85
1305,2015-08-13,7,349.65
1306,2015-08-13,2,99.9
1307,2015-08-13,4,199.8
1308,2015-08-13,1,49.95
1309,2015-08-13,4,199.8
1310,2015-08-13,7,349.65
1311,2015-08-13,2,99.9
1312,2015-08-13,1,49.95
1313,2015-08-13,5,249.75
1314,2015-08-13,7,349.65
1315,2015-08-13,5,249.75
1316,2015-08-13,3,149.85
1317,2015-08-13,4,199.8
1318,2015-08-13,3,149.85
1319,2015-08-13,1,49.95
1320,2015-08-13,1,49.95
1321,2015-08-13,1,49.95
1322,2015-08-13,2,99.9
1323,2015-08-13,3,149.85
1324,2015-08-13,1,49.95
1325,2015-08-13,5,249.75
1326,2015-08-13,3,149.85
1327,2015-08-13,4,199.8
1328,2015-08-13,1,49.95
1329,2015-08-13,1,49.95
1330,2015-08-13,3,149.85
1331,2015-08-13,2,99.9
1332,2015-08-13,1,49.95
1333,2015-08-13,1,49.95
1334,2015-08-14,6,299.7
1335,2015-08-14,3,149.85
1336,2015-08-14,8,399.6
1337,2015-08-14,3,149.85
1338,2015-08-14,3,149.85
1339,2015-08-14,4,199.8
1340,2015-08-14,3,149.85
1341,2015-08-14,2,99.9
1342,2015-08-14,3,149.85
1343,2015-08-14,2,99.9
1344,2015-08-14,3,149.85
1345,2015-08-14,3,149.85
1346,2015-08-14,3,149.85
1347,2015-08-14,3,149.85
1348,2015-08-14,4,199.8
1349,2015-08-14,2,99.9
1350,2015-08-14,6,299.7
1351,2015-08-14,2,99.9
1352,2015-08-14,4,199.8
1353,2015-08-14,1,49.95
1354,2015-08-14,4,199.8
1355,2015-08-14,3,149.85
1356,2015-08-14,1,49.95
1357,2015-08-14,1,49.95
1358,2015-08-14,4,199.8
1359,2015-08-14,7,349.65
1360,2015-08-14,1,49.95
1361,2015-08-14,6,299.7
1362,2015-08-14,6,299.7
1363,2015-08-14,3,149.85
1364,2015-08-14,3,149.85
1365,2015-08-14,3,149.85
1366,2015-08-14,1,49.95
1367,2015-08-15,7,349.65
1368,2015-08-15,3,149.85
1369,2015-08-15,2,99.9
1370,2015-08-15,5,249.75
1371,2015-08-15,1,49.95
1372,2015-08-15,6,299.7
1373,2015-08-15,5,249.75
1374,2015-08-15,3,149.85
1375,2015-08-15,1,49.95
1376,2015-08-15,2,99.9
1377,2015-08-15,3,149.85
1378,2015-08-15,1,49.95
1379,2015-08-15,2,99.9
1380,2015-08-15,4,199.8
1381,2015-08-15,2,99.9
1382,2015-08-15,1,49.95
1383,2015-08-15,2,99.9
1384,2015-08-15,1,49.95
1385,2015-08-15,3,149.85
1386,2015-08-15,1,49.95
1387,2015-08-15,1,49.95
1388,2015-08-15,1,49.95
1389,2015-08-15,4,199.8
1390,2015-08-15,2,99.9
1391,2015-08-15,1,49.95
1392,2015-08-15,2,99.9
1393,2015-08-15,2,99.9
1394,2015-08-15,6,299.7
1395,2015-08-15,1,49.95
1396,2015-08-15,7,349.65
1397,2015-08-15,1,49.95
1398,2015-08-15,2,99.9
1399,2015-08-15,1,49.95
1400,2015-08-15,7,349.65
1401,2015-08-15,4,199.8
1402,2015-08-15,2,99.9
1403,2015-08-15,2,99.9
1404,2015-08-15,2,99.9
1405,2015-08-15,1,49.95
1406,2015-08-15,1,49.95
1407,2015-08-15,2,99.9
1408,2015-08-15,1,49.95
1409,2015-08-15,6,299.7
1410,2015-08-15,1,49.95
1411,2015-08-15,1,49.95
1412,2015-08-15,3,149.85
1413,2015-08-15,2,99.9
1414,2015-08-15,1,49.95
1415,2015-08-16,2,99.9
1416,2015-08-16,6,299.7
1417,2015-08-16,1,49.95
1418,2015-08-16,2,99.9
1419,2015-08-16,2,99.9
1420,2015-08-16,8,399.6
1421,2015-08-16,7,349.65
1422,2015-08-16,5,249.75
1423,2015-08-16,6,299.7
1424,2015-08-16,3,149.85
1425,2015-08-16,2,99.9
1426,2015-08-16,5,249.75
1427,2015-08-16,3,149.85
1428,2015-08-16,3,149.85
1429,2015-08-16,2,99.9
1430,2015-08-16,7,349.65
1431,2015-08-16,2,99.9
1432,2015-08-16,3,149.85
1433,2015-08-16,3,149.85
1434,2015-08-16,2,99.9
1435,2015-08-16,2,99.9
1436,2015-08-16,1,49.95
1437,2015-08-16,5,249.75
1438,2015-08-16,2,99.9
1439,2015-08-16,2,99.9
1440,2015-08-16,5,249.75
1441,2015-08-16,4,199.8
1442,2015-08-16,1,49.95
1443,2015-08-16,5,249.75
1444,2015-08-16,3,149.85
1445,2015-08-16,3,149.85
1446,2015-08-16,3,149.85
1447,2015-08-16,1,49.95
1448,2015-08-16,1,49.95
1449,2015-08-16,4,199.8
1450,2015-08-16,2,99.9
1451,2015-08-16,4,199.8
1452,2015-08-16,5,249.75
1453,2015-08-16,3,149.85
1454,2015-08-17,2,99.9
1455,2015-08-17,5,249.75
1456,2015-08-17,2,99.9
1457,2015-08-17,2,99.9
1458,2015-08-17,4,199.8
1459,2015-08-17,3,149.85
1460,2015-08-17,4,199.8
1461,2015-08-17,4,199.8
1462,2015-08-17,2,99.9
1463,2015-08-17,2,99.9
1464,2015-08-17,1,49.95
1465,2015-08-17,3,149.85
1466,2015-08-17,2,99.9
1467,2015-08-17,2,99.9
1468,2015-08-17,2,99.9
1469,2015-08-17,5,249.75
1470,2015-08-17,4,199.8
1471,2015-08-17,2,99.9
1472,2015-08-17,3,149.85
1473,2015-08-17,2,99.9
1474,2015-08-17,1,49.95
1475,2015-08-17,1,49.95
1476,2015-08-17,1,49.95
1477,2015-08-17,3,149.85
1478,2015-08-17,3,149.85
1479,2015-08-17,1,49.95
1480,2015-08-17,1,49.95
1481,2015-08-17,1,49.95
1482,2015-08-17,3,149.85
1483,2015-08-17,3,149.85
1484,2015-08-17,3,149.85
1485,2015-08-17,1,49.95
1486,2015-08-17,3,149.85
1487,2015-08-17,1,49.95
1488,2015-08-17,1,49.95
1489,2015-08-17,2,99.9
1490,2015-08-17,1,49.95
1491,2015-08-17,1,49.95
1492,2015-08-17,4,199.8
1493,2015-08-17,2,99.9
1494,2015-08-17,1,49.95
1495,2015-08-17,1,49.95
1496,2015-08-17,1,49.95
1497,2015-08-17,1,49.95
1498,2015-08-18,4,199.8
1499,2015-08-18,2,99.9
1500,2015-08-18,2,99.9
1501,2015-08-18,2,99.9
1502,2015-08-18,1,49.95
1503,2015-08-18,3,149.85
1504,2015-08-18,1,49.95
1505,2015-08-18,6,299.7
1506,2015-08-18,3,149.85
1507,2015-08-18,2,99.9
1508,2015-08-18,1,49.95
1509,2015-08-18,1,49.95
1510,2015-08-18,4,199.8
1511,2015-08-18,2,99.9
1512,2015-08-18,4,199.8
1513,2015-08-18,1,49.95
1514,2015-08-18,1,49.95
1515,2015-08-18,2,99.9
1516,2015-08-18,5,249.75
1517,2015-08-18,4,199.8
1518,2015-08-18,3,149.85
1519,2015-08-18,5,249.75
1520,2015-08-18,4,199.8
1521,2015-08-18,1,49.95
1522,2015-08-18,2,99.9
1523,2015-08-18,1,49.95
1524,2015-08-18,1,49.95
1525,2015-08-18,2,99.9
1526,2015-08-18,3,149.85
1527,2015-08-18,1,49.95
1528,2015-08-18,1,49.95
1529,2015-08-18,1,49.95
1530,2015-08-18,1,49.95
1531,2015-08-18,2,99.9
1532,2015-08-18,1,49.95
1533,2015-08-18,2,99.9
1534,2015-08-18,6,299.7
1535,2015-08-18,4,199.8
1536,2015-08-18,2,99.9
1537,2015-08-18,2,99.9
1538,2015-08-18,4,199.8
1539,2015-08-18,2,99.9
1540,2015-08-18,3,149.85
1541,2015-08-18,2,99.9
1542,2015-08-18,6,299.7
1543,2015-08-18,6,299.7
1544,2015-08-18,1,49.95
1545,2015-08-18,1,49.95
1546,2015-08-18,3,149.85
1547,2015-08-18,4,199.8
1548,2015-08-18,1,49.95
1549,2015-08-18,3,149.85
1550,2015-08-18,5,249.75
1551,2015-08-19,5,249.75
1552,2015-08-19,3,149.85
1553,2015-08-19,4,199.8
1554,2015-08-19,1,49.95
1555,2015-08-19,1,49.95
1556,2015-08-19,1,49.95
1557,2015-08-19,1,49.95
1558,2015-08-19,1,49.95
1559,2015-08-19,2,99.9
1560,2015-08-19,1,49.95
1561,2015-08-19,4,199.8
1562,2015-08-19,5,249.75
1563,2015-08-19,5,249.75
1564,2015-08-19,1,49.95
1565,2015-08-19,2,99.9
1566,2015-08-19,2,99.9
1567,2015-08-19,8,399.6
1568,2015-08-19,2,99.9
1569,2015-08-19,3,149.85
1570,2015-08-19,4,199.8
1571,2015-08-19,3,149.85
1572,2015-08-19,3,149.85
1573,2015-08-19,2,99.9
1574,2015-08-19,1,49.95
1575,2015-08-19,1,49.95
1576,2015-08-19,4,199.8
1577,2015-08-19,6,299.7
1578,2015-08-19,2,99.9
1579,2015-08-19,1,49.95
1580,2015-08-19,2,99.9
1581,2015-08-19,2,99.9
1582,2015-08-19,1,49.95
1583,2015-08-19,1,49.95
1584,2015-08-19,2,99.9
1585,2015-08-19,5,249.75
1586,2015-08-19,3,149.85
1587,2015-08-19,3,149.85
1588,2015-08-19,3,149.85
1589,2015-08-20,4,199.8
1590,2015-08-20,3,149.85
1591,2015-08-20,3,149.85
1592,2015-08-20,3,149.85
1593,2015-08-20,2,99.9
1594,2015-08-20,3,149.85
1595,2015-08-20,2,99.9
1596,2015-08-20,1,49.95
1597,2015-08-20,2,99.9
1598,2015-08-20,3,149.85
1599,2015-08-20,1,49.95
1600,2015-08-20,2,99.9
1601,2015-08-20,3,149.85
1602,2015-08-20,3,149.85
1603,2015-08-20,4,199.8
1604,2015-08-20,5,249.75
1605,2015-08-20,2,99.9
1606,2015-08-20,5,249.75
1607,2015-08-20,2,99.9
1608,2015-08-20,2,99.9
1609,2015-08-20,3,149.85
1610,2015-08-20,2,99.9
1611,2015-08-20,5,249.75
1612,2015-08-20,1,49.95
1613,2015-08-20,1,49.95
1614,2015-08-20,4,199.8
1615,2015-08-20,1,49.95
1616,2015-08-20,1,49.95
1617,2015-08-20,3,149.85
1618,2015-08-20,2,99.9
1619,2015-08-20,2,99.9
1620,2015-08-20,3,149.85
1621,2015-08-20,2,99.9
1622,2015-08-20,2,99.9
1623,2015-08-20,3,149.85
1624,2015-08-20,6,299.7
1625,2015-08-20,6,299.7
1626,2015-08-20,2,99.9
1627,2015-08-20,2,99.9
1628,2015-08-20,1,49.95
1629,2015-08-20,1,49.95
1630,2015-08-20,2,99.9
1631,2015-08-21,2,99.9
1632,2015-08-21,1,49.95
1633,2015-08-21,4,199.8
1634,2015-08-21,2,99.9
1635,2015-08-21,1,49.95
1636,2015-08-21,3,149.85
1637,2015-08-21,2,99.9
1638,2015-08-21,3,149.85
1639,2015-08-21,2,99.9
1640,2015-08-21,3,149.85
1641,2015-08-21,3,149.85
1642,2015-08-21,1,49.95
1643,2015-08-21,1,49.95
1644,2015-08-21,2,99.9
1645,2015-08-21,4,199.8
1646,2015-08-21,3,149.85
1647,2015-08-21,4,199.8
1648,2015-08-21,1,49.95
1649,2015-08-21,4,199.8
1650,2015-08-21,2,99.9
1651,2015-08-21,1,49.95
1652,2015-08-21,1,49.95
1653,2015-08-21,7,349.65
1654,2015-08-21,2,99.9
1655,2015-08-21,2,99.9
1656,2015-08-21,2,99.9
1657,2015-08-21,2,99.9
1658,2015-08-21,2,99.9
1659,2015-08-21,1,49.95
1660,2015-08-21,4,199.8
1661,2015-08-21,2,99.9
1662,2015-08-21,3,149.85
1663,2015-08-21,1,49.95
1664,2015-08-21,3,149.85
1665,2015-08-21,5,249.75
1666,2015-08-21,4,199.8
1667,2015-08-21,4,199.8
1668,2015-08-21,2,99.9
1669,2015-08-21,4,199.8
1670,2015-08-22,3,149.85
1671,2015-08-22,1,49.95
1672,2015-08-22,4,199.8
1673,2015-08-22,2,99.9
1674,2015-08-22,2,99.9
1675,2015-08-22,5,249.75
1676,2015-08-22,1,49.95
1677,2015-08-22,2,99.9
1678,2015-08-22,1,49.95
1679,2015-08-22,1,49.95
1680,2015-08-22,2,99.9
1681,2015-08-22,3,149.85
1682,2015-08-22,3,149.85
1683,2015-08-22,6,299.7
1684,2015-08-22,2,99.9
1685,2015-08-22,1,49.95
1686,2015-08-22,2,99.9
1687,2015-08-22,3,149.85
1688,2015-08-22,2,99.9
1689,2015-08-22,3,149.85
1690,2015-08-22,3,149.85
1691,2015-08-22,5,249.75
1692,2015-08-22,8,399.6
1693,2015-08-22,4,199.8
1694,2015-08-22,2,99.9
1695,2015-08-22,2,99.9
1696,2015-08-22,5,249.75
1697,2015-08-22,2,99.9
1698,2015-08-22,3,149.85
1699,2015-08-22,1,49.95
1700,2015-08-22,3,149.85
1701,2015-08-22,3,149.85
1702,2015-08-22,2,99.9
1703,2015-08-22,4,199.8
1704,2015-08-22,3,149.85
1705,2015-08-22,3,149.85
1706,2015-08-22,1,49.95
1707,2015-08-22,3,149.85
1708,2015-08-22,4,199.8
1709,2015-08-22,2,99.9
1710,2015-08-22,4,199.8
1711,2015-08-22,3,149.85
1712,2015-08-22,3,149.85
1713,2015-08-22,1,49.95
1714,2015-08-22,1,49.95
1715,2015-08-22,2,99.9
1716,2015-08-22,2,99.9
1717,2015-08-22,3,149.85
1718,2015-08-22,5,249.75
1719,2015-08-22,3,149.85
1720,2015-08-22,2,99.9
1721,2015-08-22,2,99.9
1722,2015-08-22,5,249.75
1723,2015-08-22,1,49.95
1724,2015-08-23,1,49.95
1725,2015-08-23,6,299.7
1726,2015-08-23,1,49.95
1727,2015-08-23,4,199.8
1728,2015-08-23,6,299.7
1729,2015-08-23,4,199.8
1730,2015-08-23,6,299.7
1731,2015-08-23,3,149.85
1732,2015-08-23,2,99.9
1733,2015-08-23,2,99.9
1734,2015-08-23,5,249.75
1735,2015-08-23,2,99.9
1736,2015-08-23,5,249.75
1737,2015-08-23,3,149.85
1738,2015-08-23,3,149.85
1739,2015-08-23,2,99.9
1740,2015-08-23,3,149.85
1741,2015-08-23,1,49.95
1742,2015-08-23,5,249.75
1743,2015-08-23,1,49.95
1744,2015-08-23,3,149.85
1745,2015-08-23,3,149.85
1746,2015-08-23,2,99.9
1747,2015-08-23,2,99.9
1748,2015-08-23,4,199.8
1749,2015-08-23,1,49.95
1750,2015-08-23,1,49.95
1751,2015-08-23,5,249.75
1752,2015-08-23,3,149.85
1753,2015-08-23,5,249.75
1754,2015-08-23,2,99.9
1755,2015-08-23,3,149.85
1756,2015-08-23,4,199.8
1757,2015-08-23,1,49.95
1758,2015-08-23,3,149.85
1759,2015-08-23,2,99.9
1760,2015-08-23,2,99.9
1761,2015-08-23,7,349.65
1762,2015-08-23,2,99.9
1763,2015-08-23,7,349.65
1764,2015-08-23,3,149.85
1765,2015-08-23,5,249.75
1766,2015-08-23,1,49.95
1767,2015-08-23,5,249.75
1768,2015-08-23,4,199.8
1769,2015-08-23,2,99.9
1770,2015-08-24,2,99.9
1771,2015-08-24,4,199.8
1772,2015-08-24,5,249.75
1773,2015-08-24,1,49.95
1774,2015-08-24,2,99.9
1775,2015-08-24,1,49.95
1776,2015-08-24,2,99.9
1777,2015-08-24,1,49.95
1778,2015-08-24,3,149.85
1779,2015-08-24,2,99.9
1780,2015-08-24,3,149.85
1781,2015-08-24,4,199.8
1782,2015-08-24,1,49.95
1783,2015-08-24,1,49.95
1784,2015-08-24,3,149.85
1785,2015-08-24,1,49.95
1786,2015-08-24,3,149.85
1787,2015-08-24,2,99.9
1788,2015-08-24,2,99.9
1789,2015-08-24,4,199.8
1790,2015-08-24,2,99.9
1791,2015-08-24,4,199.8
1792,2015-08-24,4,199.8
1793,2015-08-24,1,49.95
1794,2015-08-24,2,99.9
1795,2015-08-24,1,49.95
1796,2015-08-24,2,99.9
1797,2015-08-24,1,49.95
1798,2015-08-24,1,49.95
1799,2015-08-24,2,99.9
1800,2015-08-24,4,199.8
1801,2015-08-24,3,149.85
1802,2015-08-24,1,49.95
1803,2015-08-24,6,299.7
1804,2015-08-24,2,99.9
1805,2015-08-24,4,199.8
1806,2015-08-24,3,149.85
1807,2015-08-24,2,99.9
1808,2015-08-24,1,49.95
1809,2015-08-24,3,149.85
1810,2015-08-24,2,99.9
1811,2015-08-24,4,199.8
1812,2015-08-24,3,149.85
1813,2015-08-24,2,99.9
1814,2015-08-24,2,99.9
1815,2015-08-24,1,49.95
1816,2015-08-25,4,199.8
1817,2015-08-25,4,199.8
1818,2015-08-25,4,199.8
1819,2015-08-25,4,199.8
1820,2015-08-25,1,49.95
1821,2015-08-25,4,199.8
1822,2015-08-25,6,299.7
1823,2015-08-25,2,99.9
1824,2015-08-25,6,299.7
1825,2015-08-25,6,299.7
1826,2015-08-25,1,49.95
1827,2015-08-25,1,49.95
1828,2015-08-25,3,149.85
1829,2015-08-25,3,149.85
1830,2015-08-25,1,49.95
1831,2015-08-25,4,199.8
1832,2015-08-25,2,99.9
1833,2015-08-25,4,199.8
1834,2015-08-25,3,149.85
1835,2015-08-25,1,49.95
1836,2015-08-25,3,149.85
1837,2015-08-25,2,99.9
1838,2015-08-25,1,49.95
1839,2015-08-25,4,199.8
1840,2015-08-25,3,149.85
1841,2015-08-25,2,99.9
1842,2015-08-25,1,49.95
1843,2015-08-25,1,49.95
1844,2015-08-25,3,149.85
1845,2015-08-25,1,49.95
1846,2015-08-25,4,199.8
1847,2015-08-25,3,149.85
1848,2015-08-25,3,149.85
1849,2015-08-25,3,149.85
1850,2015-08-25,2,99.9
1851,2015-08-25,2,99.9
1852,2015-08-25,2,99.9
1853,2015-08-25,1,49.95
1854,2015-08-25,3,149.85
1855,2015-08-25,1,49.95
1856,2015-08-25,3,149.85
1857,2015-08-25,2,99.9
1858,2015-08-26,2,99.9
1859,2015-08-26,3,149.85
1860,2015-08-26,4,199.8
1861,2015-08-26,1,49.95
1862,2015-08-26,1,49.95
1863,2015-08-26,3,149.85
1864,2015-08-26,7,349.65
1865,2015-08-26,2,99.9
1866,2015-08-26,3,149.85
1867,2015-08-26,4,199.8
1868,2015-08-26,3,149.85
1869,2015-08-26,1,49.95
1870,2015-08-26,4,199.8
1871,2015-08-26,4,199.8
1872,2015-08-26,3,149.85
1873,2015-08-26,3,149.85
1874,2015-08-26,5,249.75
1875,2015-08-26,4,199.8
1876,2015-08-26,3,149.85
1877,2015-08-26,3,149.85
1878,2015-08-26,2,99.9
1879,2015-08-26,3,149.85
1880,2015-08-26,2,99.9
1881,2015-08-26,5,249.75
1882,2015-08-26,2,99.9
1883,2015-08-26,5,249.75
1884,2015-08-26,3,149.85
1885,2015-08-26,6,299.7
1886,2015-08-26,4,199.8
1887,2015-08-26,2,99.9
1888,2015-08-26,4,199.8
1889,2015-08-26,6,299.7
1890,2015-08-26,1,49.95
1891,2015-08-26,3,149.85
1892,2015-08-26,2,99.9
1893,2015-08-26,5,249.75
1894,2015-08-26,1,49.95
1895,2015-08-26,2,99.9
1896,2015-08-26,5,249.75
1897,2015-08-26,2,99.9
1898,2015-08-26,1,49.95
1899,2015-08-26,2,99.9
1900,2015-08-27,1,49.95
1901,2015-08-27,3,149.85
1902,2015-08-27,5,249.75
1903,2015-08-27,2,99.9
1904,2015-08-27,2,99.9
1905,2015-08-27,3,149.85
1906,2015-08-27,2,99.9
1907,2015-08-27,2,99.9
1908,2015-08-27,3,149.85
1909,2015-08-27,2,99.9
1910,2015-08-27,4,199.8
1911,2015-08-27,3,149.85
1912,2015-08-27,3,149.85
1913,2015-08-27,8,399.6
1914,2015-08-27,5,249.75
1915,2015-08-27,3,149.85
1916,2015-08-27,2,99.9
1917,2015-08-27,4,199.8
1918,2015-08-27,2,99.9
1919,2015-08-27,1,49.95
1920,2015-08-27,4,199.8
1921,2015-08-27,5,249.75
1922,2015-08-27,1,49.95
1923,2015-08-27,4,199.8
1924,2015-08-27,3,149.85
1925,2015-08-27,4,199.8
1926,2015-08-27,2,99.9
1927,2015-08-27,2,99.9
1928,2015-08-27,4,199.8
1929,2015-08-27,2,99.9
1930,2015-08-27,4,199.8
1931,2015-08-27,1,49.95
1932,2015-08-27,3,149.85
1933,2015-08-27,6,299.7
1934,2015-08-27,1,49.95
1935,2015-08-27,3,149.85
1936,2015-08-27,2,99.9
1937,2015-08-27,4,199.8
1938,2015-08-27,5,249.75
1939,2015-08-27,2,99.9
1940,2015-08-27,1,49.95
1941,2015-08-27,1,49.95
1942,2015-08-27,1,49.95
1943,2015-08-27,2,99.9
1944,2015-08-27,2,99.9
1945,2015-08-27,4,199.8
1946,2015-08-27,1,49.95
1947,2015-08-27,5,249.75
1948,2015-08-27,2,99.9
1949,2015-08-27,2,99.9
1950,2015-08-27,3,149.85
1951,2015-08-27,1,49.95
1952,2015-08-28,2,99.9
1953,2015-08-28,3,149.85
1954,2015-08-28,4,199.8
1955,2015-08-28,4,199.8
1956,2015-08-28,1,49.95
1957,2015-08-28,3,149.85
1958,2015-08-28,2,99.9
1959,2015-08-28,2,99.9
1960,2015-08-28,2,99.9
1961,2015-08-28,5,249.75
1962,2015-08-28,1,49.95
1963,2015-08-28,2,99.9
1964,2015-08-28,2,99.9
1965,2015-08-28,1,49.95
1966,2015-08-28,2,99.9
1967,2015-08-28,2,99.9
1968,2015-08-28,3,149.85
1969,2015-08-28,1,49.95
1970,2015-08-28,2,99.9
1971,2015-08-28,2,99.9
1972,2015-08-28,1,49.95
1973,2015-08-28,1,49.95
1974,2015-08-28,1,49.95
1975,2015-08-28,3,149.85
1976,2015-08-28,3,149.85
1977,2015-08-28,1,49.95
1978,2015-08-28,4,199.8
1979,2015-08-28,3,149.85
1980,2015-08-28,3,149.85
1981,2015-08-28,1,49.95
1982,2015-08-28,1,49.95
1983,2015-08-28,1,49.95
1984,2015-08-28,1,49.95
1985,2015-08-28,6,299.7
1986,2015-08-28,3,149.85
1987,2015-08-28,2,99.9
1988,2015-08-28,4,199.8
1989,2015-08-28,1,49.95
1990,2015-08-28,1,49.95
1991,2015-08-28,3,149.85
1992,2015-08-28,4,199.8
1993,2015-08-28,1,49.95
1994,2015-08-28,3,149.85
1995,2015-08-28,1,49.95
1996,2015-08-28,2,99.9
1997,2015-08-28,2,99.9
1998,2015-08-28,4,199.8
1999,2015-08-28,4,199.8
2000,2015-08-28,3,149.85
2001,2015-08-28,5,249.75
2002,2015-08-28,2,99.9
2003,2015-08-28,1,49.95
2004,2015-08-28,2,99.9
2005,2015-08-28,1,49.95
2006,2015-08-28,1,49.95
2007,2015-08-28,1,49.95
2008,2015-08-28,1,49.95
2009,2015-08-28,2,99.9
2010,2015-08-29,4,199.8
2011,2015-08-29,2,99.9
2012,2015-08-29,2,99.9
2013,2015-08-29,2,99.9
2014,2015-08-29,2,99.9
2015,2015-08-29,2,99.9
2016,2015-08-29,2,99.9
2017,2015-08-29,5,249.75
2018,2015-08-29,4,199.8
2019,2015-08-29,2,99.9
2020,2015-08-29,4,199.8
2021,2015-08-29,6,299.7
2022,2015-08-29,2,99.9
2023,2015-08-29,2,99.9
2024,2015-08-29,4,199.8
2025,2015-08-29,3,149.85
2026,2015-08-29,3,149.85
2027,2015-08-29,4,199.8
2028,2015-08-29,1,49.95
2029,2015-08-29,2,99.9
2030,2015-08-29,4,199.8
2031,2015-08-29,3,149.85
2032,2015-08-29,3,149.85
2033,2015-08-29,1,49.95
2034,2015-08-29,2,99.9
2035,2015-08-29,1,49.95
2036,2015-08-29,7,349.65
2037,2015-08-29,3,149.85
2038,2015-08-29,2,99.9
2039,2015-08-29,2,99.9
2040,2015-08-29,1,49.95
2041,2015-08-29,5,249.75
2042,2015-08-29,3,149.85
2043,2015-08-29,3,149.85
2044,2015-08-29,3,149.85
2045,2015-08-29,3,149.85
2046,2015-08-29,3,149.85
2047,2015-08-29,4,199.8
2048,2015-08-29,3,149.85
2049,2015-08-29,2,99.9
2050,2015-08-29,4,199.8
2051,2015-08-29,3,149.85
2052,2015-08-29,5,249.75
2053,2015-08-29,2,99.9
2054,2015-08-29,5,249.75
2055,2015-08-29,2,99.9
2056,2015-08-29,2,99.9
2057,2015-08-29,5,249.75
2058,2015-08-29,1,49.95
2059,2015-08-29,2,99.9
2060,2015-08-30,4,199.8
2061,2015-08-30,2,99.9
2062,2015-08-30,3,149.85
2063,2015-08-30,2,99.9
2064,2015-08-30,3,149.85
2065,2015-08-30,1,49.95
2066,2015-08-30,6,299.7
2067,2015-08-30,4,199.8
2068,2015-08-30,1,49.95
2069,2015-08-30,2,99.9
2070,2015-08-30,2,99.9
2071,2015-08-30,1,49.95
2072,2015-08-30,1,49.95
2073,2015-08-30,4,199.8
2074,2015-08-30,2,99.9
2075,2015-08-30,6,299.7
2076,2015-08-30,1,49.95
2077,2015-08-30,2,99.9
2078,2015-08-30,2,99.9
2079,2015-08-30,3,149.85
2080,2015-08-30,3,149.85
2081,2015-08-30,1,49.95
2082,2015-08-30,2,99.9
2083,2015-08-30,4,199.8
2084,2015-08-30,3,149.85
2085,2015-08-30,2,99.9
2086,2015-08-30,2,99.9
2087,2015-08-30,2,99.9
2088,2015-08-30,2,99.9
2089,2015-08-30,3,149.85
2090,2015-08-30,2,99.9
2091,2015-08-30,5,249.75
2092,2015-08-30,2,99.9
2093,2015-08-30,2,99.9
2094,2015-08-30,4,199.8
2095,2015-08-30,3,149.85
2096,2015-08-30,5,249.75
2097,2015-08-30,2,99.9
2098,2015-08-30,4,199.8
2099,2015-08-30,5,249.75
2100,2015-08-30,3,149.85
2101,2015-08-30,3,149.85
2102,2015-08-30,2,99.9
2103,2015-08-30,2,99.9
2104,2015-08-30,4,199.8
2105,2015-08-30,2,99.9
2106,2015-08-30,4,199.8
2107,2015-08-30,3,149.85
2108,2015-08-30,2,99.9
2109,2015-08-30,3,149.85
2110,2015-08-30,5,249.75
2111,2015-08-30,1,49.95
2112,2015-08-30,2,99.9
2113,2015-08-30,4,199.8
2114,2015-08-30,4,199.8
